{
  "mins": [
    0.0,
    0.0,
    0.0,
    0.0,
    183.038,
    179.63
  ],
  "maxs": [
    1483,
    100.0,
    1.19,
    400.14,
    279.1,
    331.04
  ],
  "means": [
    297.569428172567,
    46.45900943645545,
    0.16742733406065616,
    285.6272731958547,
    250.96284464896695,
    272.1620865386216
  ],
  "stds": [
    138.77936051132693,
    38.21399325814505,
    0.11756944242779271,
    13.819627556340127,
    9.298929849984976,
    17.60638770120858
  ],
  "channel_names": [
    "CLDAS_1",
    "CLDAS_2",
    "Himawari_1",
    "Himawari_2",
    "Himawari_3",
    "Himawari_4"
  ]
}