{
  "mins": [
    2061.55712890625,
    9388.37890625,
    25917.63671875,
    36515.1015625,
    48310.75,
    91915.0625,
    190974.6875,
    4.471885404200293e-07,
    1.4508083268083283e-07,
    9.999997274690031e-09,
    2.6074669534636996e-08,
    9.999997274690031e-09,
    -0.00013185603893361986,
    2.4208366085076705e-06,
    237.46551513671875,
    234.63003540039062,
    228.65740966796875,
    222.97781372070312,
    217.27902221679688,
    203.11550903320312,
    192.3092041015625,
    -59.96015930175781,
    -62.263641357421875,
    -59.650177001953125,
    -57.2139892578125,
    -53.07911682128906,
    -41.19029235839844,
    -34.753936767578125,
    -56.26908874511719,
    -55.95538330078125,
    -51.03410339355469,
    -50.642425537109375,
    -52.645751953125,
    -72.30026245117188,
    -38.272003173828125,
    0.0,
    0.0,
    0.1607488989830017,
    0.1607488989830017,
    -0.000443608732894063,
    0.0
  ],
  "maxs": [
    10454.23046875,
    17045.94140625,
    31895.41015625,
    44265.7578125,
    58657.84765625,
    109590.5625,
    207881.5,
    0.025877691732603125,
    0.024013077840209007,
    0.019894737750291824,
    0.0174995306879282,
    0.010619280859827995,
    0.0019830534861853266,
    3.878122697642539e-06,
    329.26446533203125,
    311.89129638671875,
    300.28271484375,
    291.62786865234375,
    279.96392822265625,
    247.71847534179688,
    239.05142211914062,
    52.3514404296875,
    53.4783935546875,
    48.187103271484375,
    57.82502746582031,
    75.78224182128906,
    115.97901916503906,
    72.0140380859375,
    62.95854187011719,
    72.6680908203125,
    59.01667785644531,
    55.338043212890625,
    51.9061279296875,
    73.19546508789062,
    33.450836181640625,
    1.0,
    1.0,
    129.4937286376953,
    90.02332305908203,
    1161.65625,
    982.59375
  ],
  "means": [
    7724.312585118513,
    14650.04753282911,
    30260.33327964672,
    42321.448499994985,
    56186.21921653381,
    104727.57297427724,
    202456.95027608538,
    0.007552373492993738,
    0.006550643255202774,
    0.004261069522441204,
    0.0027564205406328296,
    0.0015586643042480811,
    0.00010517957933755973,
    2.9390031042695644e-06,
    286.96677391466346,
    283.2113907942946,
    275.3002382256304,
    268.64352419577943,
    260.4237545943168,
    228.0876955954182,
    211.57687009524327,
    0.22329855181550579,
    1.5167232705380695,
    5.728484357047896,
    9.001210111699491,
    12.872496453825802,
    27.74299702191766,
    5.266408462407739,
    -0.10950769812259477,
    0.07203224368276384,
    -0.4701363884962101,
    -0.8901189203508968,
    -1.2364781449036595,
    -0.850356529753389,
    -0.01796598739057202,
    0.23865526494778777,
    0.5537899501867575,
    23.451484943909726,
    23.2748653927331,
    175.6393277831309,
    110.5891754234794
  ],
  "stds": [
    599.059154956878,
    480.510200186614,
    665.3668299491762,
    1016.8039708785408,
    1470.3236347225227,
    3229.8101643889872,
    2313.347910023624,
    0.005346369337115342,
    0.004734851727583338,
    0.0033074008174957805,
    0.0024299462734139257,
    0.0016218607695140652,
    0.00012992684090090857,
    1.0409903535028034e-07,
    11.102678102200548,
    10.67251857985911,
    9.432090091108309,
    9.072208406318259,
    9.324629887034172,
    7.6683640818970975,
    4.186590471493226,
    4.39747196169487,
    5.242995510749737,
    6.6059990079046855,
    8.157036694037632,
    10.315688195159181,
    20.456419984119883,
    13.47075124326616,
    4.917756933163097,
    5.344637877546774,
    5.898548408903843,
    6.497624740909372,
    7.292927612168152,
    11.526159285402118,
    3.8165381470493136,
    0.3550279758279498,
    0.4139337813821727,
    18.233981280093165,
    18.088330855123164,
    253.06445361462647,
    187.64823135624493
  ],
  "channel_names": [
    "z_925",
    "z_850",
    "z_700",
    "z_600",
    "z_500",
    "z_250",
    "z_50",
    "q_925",
    "q_850",
    "q_700",
    "q_600",
    "q_500",
    "q_250",
    "q_50",
    "t_925",
    "t_850",
    "t_700",
    "t_600",
    "t_500",
    "t_250",
    "t_50",
    "u_925",
    "u_850",
    "u_700",
    "u_600",
    "u_500",
    "u_250",
    "u_50",
    "v_925",
    "v_850",
    "v_700",
    "v_600",
    "v_500",
    "v_250",
    "v_50",
    "lcc",
    "tcc",
    "tcw",
    "tcwv",
    "avg_sdswrf",
    "avg_sdirswrf"
  ]
}